"Realtime Throughput",
Date,"Total Upload/RX (Mbps)",Date,"Total Download/RX (Mbps)",Date,"UL + DL Sum/RX (Mbps)",
"2022-05-12T07:16:55.918 UTC",0,"2022-05-12T07:16:55.918 UTC",0,"2022-05-12T07:16:55.918 UTC",0,
"2022-05-12T07:16:57.275 UTC",0,"2022-05-12T07:16:57.275 UTC",0,"2022-05-12T07:16:57.275 UTC",0,
"2022-05-12T07:16:58.687 UTC",0,"2022-05-12T07:16:58.687 UTC",0,"2022-05-12T07:16:58.687 UTC",0,
"2022-05-12T07:17:00.662 UTC",0,"2022-05-12T07:17:00.662 UTC",0,"2022-05-12T07:17:00.662 UTC",0,
"2022-05-12T07:17:01.971 UTC",0,"2022-05-12T07:17:01.971 UTC",0,"2022-05-12T07:17:01.971 UTC",0,
"2022-05-12T07:17:03.156 UTC",0,"2022-05-12T07:17:03.156 UTC",0,"2022-05-12T07:17:03.156 UTC",0,
"2022-05-12T07:17:04.338 UTC",0,"2022-05-12T07:17:04.338 UTC",0,"2022-05-12T07:17:04.338 UTC",0,
"2022-05-12T07:17:05.975 UTC",0,"2022-05-12T07:17:05.975 UTC",0,"2022-05-12T07:17:05.975 UTC",0,
"2022-05-12T07:17:07.262 UTC",0,"2022-05-12T07:17:07.262 UTC",0,"2022-05-12T07:17:07.262 UTC",0,
"2022-05-12T07:17:08.437 UTC",0,"2022-05-12T07:17:08.437 UTC",0,"2022-05-12T07:17:08.437 UTC",0,
"2022-05-12T07:17:09.669 UTC",0,"2022-05-12T07:17:09.669 UTC",0,"2022-05-12T07:17:09.669 UTC",0,
"2022-05-12T07:17:12.240 UTC",0,"2022-05-12T07:17:12.240 UTC",0,"2022-05-12T07:17:12.240 UTC",0,
"2022-05-12T07:17:13.521 UTC",0,"2022-05-12T07:17:13.521 UTC",0,"2022-05-12T07:17:13.521 UTC",0,
"2022-05-12T07:17:14.838 UTC",0,"2022-05-12T07:17:14.838 UTC",0.416,"2022-05-12T07:17:14.838 UTC",0.416,
"2022-05-12T07:17:16.069 UTC",0,"2022-05-12T07:17:16.069 UTC",3.1287,"2022-05-12T07:17:16.069 UTC",3.1287,
"2022-05-12T07:17:17.974 UTC",0,"2022-05-12T07:17:17.974 UTC",3.83063,"2022-05-12T07:17:17.974 UTC",3.83063,
"2022-05-12T07:17:19.368 UTC",0,"2022-05-12T07:17:19.368 UTC",3.8097,"2022-05-12T07:17:19.368 UTC",3.8097,
"2022-05-12T07:17:20.852 UTC",0,"2022-05-12T07:17:20.852 UTC",3.77589,"2022-05-12T07:17:20.852 UTC",3.77589,
"2022-05-12T07:17:22.105 UTC",0,"2022-05-12T07:17:22.105 UTC",4.14548,"2022-05-12T07:17:22.105 UTC",4.14548,
"2022-05-12T07:17:23.396 UTC",0,"2022-05-12T07:17:23.396 UTC",4.31431,"2022-05-12T07:17:23.396 UTC",4.31431,
"2022-05-12T07:17:24.625 UTC",0,"2022-05-12T07:17:24.625 UTC",4.03026,"2022-05-12T07:17:24.625 UTC",4.03026,
"2022-05-12T07:17:25.804 UTC",0,"2022-05-12T07:17:25.804 UTC",4.00521,"2022-05-12T07:17:25.804 UTC",4.00521,
"2022-05-12T07:17:26.958 UTC",0,"2022-05-12T07:17:26.958 UTC",3.80259,"2022-05-12T07:17:26.958 UTC",3.80259,
"2022-05-12T07:17:28.172 UTC",0,"2022-05-12T07:17:28.172 UTC",3.08853,"2022-05-12T07:17:28.172 UTC",3.08853,
"2022-05-12T07:17:29.459 UTC",0,"2022-05-12T07:17:29.459 UTC",3.29361,"2022-05-12T07:17:29.459 UTC",3.29361,
"2022-05-12T07:17:30.826 UTC",0,"2022-05-12T07:17:30.826 UTC",3.46016,"2022-05-12T07:17:30.826 UTC",3.46016,
"2022-05-12T07:17:34.408 UTC",0,"2022-05-12T07:17:34.408 UTC",3.21183,"2022-05-12T07:17:34.408 UTC",3.21183,
"2022-05-12T07:17:35.835 UTC",0,"2022-05-12T07:17:35.835 UTC",0,"2022-05-12T07:17:35.835 UTC",0,
"2022-05-12T07:17:37.058 UTC",2.11656,"2022-05-12T07:17:37.058 UTC",0,"2022-05-12T07:17:37.058 UTC",2.11656,
"2022-05-12T07:17:38.279 UTC",2.10583,"2022-05-12T07:17:38.279 UTC",0,"2022-05-12T07:17:38.279 UTC",2.10583,
"2022-05-12T07:17:40.375 UTC",2.10583,"2022-05-12T07:17:40.375 UTC",0,"2022-05-12T07:17:40.375 UTC",2.10583,
"2022-05-12T07:17:41.617 UTC",1.75679,"2022-05-12T07:17:41.617 UTC",0,"2022-05-12T07:17:41.617 UTC",1.75679,
"2022-05-12T07:17:42.874 UTC",2.03162,"2022-05-12T07:17:42.874 UTC",0,"2022-05-12T07:17:42.874 UTC",2.03162,
"2022-05-12T07:17:44.180 UTC",2.08713,"2022-05-12T07:17:44.180 UTC",0,"2022-05-12T07:17:44.180 UTC",2.08713,
"2022-05-12T07:17:45.886 UTC",2.08713,"2022-05-12T07:17:45.886 UTC",0,"2022-05-12T07:17:45.886 UTC",2.08713,
"2022-05-12T07:17:47.165 UTC",2.17336,"2022-05-12T07:17:47.165 UTC",0,"2022-05-12T07:17:47.165 UTC",2.17336,
"2022-05-12T07:17:48.336 UTC",2.15213,"2022-05-12T07:17:48.336 UTC",0,"2022-05-12T07:17:48.336 UTC",2.15213,
"2022-05-12T07:17:49.603 UTC",2.15196,"2022-05-12T07:17:49.603 UTC",0,"2022-05-12T07:17:49.603 UTC",2.15196,
"2022-05-12T07:17:51.210 UTC",2.36632,"2022-05-12T07:17:51.210 UTC",0,"2022-05-12T07:17:51.210 UTC",2.36632,
"2022-05-12T07:17:52.394 UTC",2.08105,"2022-05-12T07:17:52.394 UTC",0,"2022-05-12T07:17:52.394 UTC",2.08105,
"2022-05-12T07:17:54.303 UTC",0,"2022-05-12T07:17:54.303 UTC",0,"2022-05-12T07:17:54.303 UTC",0,
"2022-05-12T07:17:56.910 UTC",0,"2022-05-12T07:17:56.910 UTC",0,"2022-05-12T07:17:56.910 UTC",0,
"2022-05-12T07:17:58.725 UTC",0,"2022-05-12T07:17:58.725 UTC",0,"2022-05-12T07:17:58.725 UTC",0,
"2022-05-12T07:17:59.980 UTC",0,"2022-05-12T07:17:59.980 UTC",0,"2022-05-12T07:17:59.980 UTC",0,
"2022-05-12T07:18:01.162 UTC",0,"2022-05-12T07:18:01.162 UTC",2.21969,"2022-05-12T07:18:01.162 UTC",2.21969,
"2022-05-12T07:18:02.772 UTC",0,"2022-05-12T07:18:02.772 UTC",13.96131,"2022-05-12T07:18:02.772 UTC",13.96131,
"2022-05-12T07:18:04.074 UTC",0,"2022-05-12T07:18:04.074 UTC",21.63651,"2022-05-12T07:18:04.074 UTC",21.63651,
"2022-05-12T07:18:05.326 UTC",0,"2022-05-12T07:18:05.326 UTC",22.60235,"2022-05-12T07:18:05.326 UTC",22.60235,
"2022-05-12T07:18:06.563 UTC",0,"2022-05-12T07:18:06.563 UTC",22.12579,"2022-05-12T07:18:06.563 UTC",22.12579,
"2022-05-12T07:18:08.325 UTC",0,"2022-05-12T07:18:08.325 UTC",22.5522,"2022-05-12T07:18:08.325 UTC",22.5522,
"2022-05-12T07:18:09.474 UTC",0,"2022-05-12T07:18:09.474 UTC",24.32139,"2022-05-12T07:18:09.474 UTC",24.32139,
"2022-05-12T07:18:10.749 UTC",0,"2022-05-12T07:18:10.749 UTC",24.90107,"2022-05-12T07:18:10.749 UTC",24.90107,
"2022-05-12T07:18:11.901 UTC",0,"2022-05-12T07:18:11.901 UTC",23.76428,"2022-05-12T07:18:11.901 UTC",23.76428,
"2022-05-12T07:18:13.575 UTC",0,"2022-05-12T07:18:13.575 UTC",22.13324,"2022-05-12T07:18:13.575 UTC",22.13324,
"2022-05-12T07:18:14.765 UTC",0,"2022-05-12T07:18:14.765 UTC",22.0289,"2022-05-12T07:18:14.765 UTC",22.0289,
"2022-05-12T07:18:15.992 UTC",0,"2022-05-12T07:18:15.992 UTC",25.11491,"2022-05-12T07:18:15.992 UTC",25.11491,
"2022-05-12T07:18:18.230 UTC",0,"2022-05-12T07:18:18.230 UTC",23.79866,"2022-05-12T07:18:18.230 UTC",23.79866,
"2022-05-12T07:18:20.457 UTC",0,"2022-05-12T07:18:20.457 UTC",0,"2022-05-12T07:18:20.457 UTC",0,
"2022-05-12T07:18:21.744 UTC",4.77877,"2022-05-12T07:18:21.744 UTC",0,"2022-05-12T07:18:21.744 UTC",4.77877,
"2022-05-12T07:18:23.114 UTC",12.79448,"2022-05-12T07:18:23.114 UTC",0,"2022-05-12T07:18:23.114 UTC",12.79448,
"2022-05-12T07:18:24.919 UTC",12.95816,"2022-05-12T07:18:24.919 UTC",0,"2022-05-12T07:18:24.919 UTC",12.95816,
"2022-05-12T07:18:26.177 UTC",11.88721,"2022-05-12T07:18:26.177 UTC",0,"2022-05-12T07:18:26.177 UTC",11.88721,
"2022-05-12T07:18:27.431 UTC",11.51668,"2022-05-12T07:18:27.431 UTC",0,"2022-05-12T07:18:27.431 UTC",11.51668,
"2022-05-12T07:18:28.616 UTC",12.18007,"2022-05-12T07:18:28.616 UTC",0,"2022-05-12T07:18:28.616 UTC",12.18007,
"2022-05-12T07:18:30.193 UTC",13.00868,"2022-05-12T07:18:30.193 UTC",0,"2022-05-12T07:18:30.193 UTC",13.00868,
"2022-05-12T07:18:31.408 UTC",14.565,"2022-05-12T07:18:31.408 UTC",0,"2022-05-12T07:18:31.408 UTC",14.565,
"2022-05-12T07:18:32.577 UTC",14.93047,"2022-05-12T07:18:32.577 UTC",0,"2022-05-12T07:18:32.577 UTC",14.93047,
"2022-05-12T07:18:33.799 UTC",15.25693,"2022-05-12T07:18:33.799 UTC",0,"2022-05-12T07:18:33.799 UTC",15.25693,
"2022-05-12T07:18:35.476 UTC",15.11938,"2022-05-12T07:18:35.476 UTC",0,"2022-05-12T07:18:35.476 UTC",15.11938,
"2022-05-12T07:18:36.718 UTC",14.31669,"2022-05-12T07:18:36.718 UTC",0,"2022-05-12T07:18:36.718 UTC",14.31669,
"2022-05-12T07:18:37.903 UTC",14.35179,"2022-05-12T07:18:37.903 UTC",0,"2022-05-12T07:18:37.903 UTC",14.35179,
"2022-05-12T07:18:39.141 UTC",14.50697,"2022-05-12T07:18:39.141 UTC",0,"2022-05-12T07:18:39.141 UTC",14.50697,
"2022-05-12T07:18:41.682 UTC",14.48429,"2022-05-12T07:18:41.682 UTC",0,"2022-05-12T07:18:41.682 UTC",14.48429,
"2022-05-12T07:18:42.912 UTC",0,"2022-05-12T07:18:42.912 UTC",0,"2022-05-12T07:18:42.912 UTC",0,
"2022-05-12T07:18:44.125 UTC",0,"2022-05-12T07:18:44.125 UTC",29.79633,"2022-05-12T07:18:44.125 UTC",29.79633,
"2022-05-12T07:18:45.281 UTC",0,"2022-05-12T07:18:45.281 UTC",45.49662,"2022-05-12T07:18:45.281 UTC",45.49662,
"2022-05-12T07:18:46.580 UTC",0,"2022-05-12T07:18:46.580 UTC",45.75618,"2022-05-12T07:18:46.580 UTC",45.75618,
"2022-05-12T07:18:47.746 UTC",0,"2022-05-12T07:18:47.746 UTC",48.86951,"2022-05-12T07:18:47.746 UTC",48.86951,
"2022-05-12T07:18:48.937 UTC",0,"2022-05-12T07:18:48.937 UTC",47.18015,"2022-05-12T07:18:48.937 UTC",47.18015,
"2022-05-12T07:18:50.123 UTC",0,"2022-05-12T07:18:50.123 UTC",49.85029,"2022-05-12T07:18:50.123 UTC",49.85029,
"2022-05-12T07:18:51.773 UTC",0,"2022-05-12T07:18:51.773 UTC",49.02336,"2022-05-12T07:18:51.773 UTC",49.02336,
"2022-05-12T07:18:52.966 UTC",0,"2022-05-12T07:18:52.966 UTC",48.44039,"2022-05-12T07:18:52.966 UTC",48.44039,
"2022-05-12T07:18:54.124 UTC",0,"2022-05-12T07:18:54.124 UTC",48.59794,"2022-05-12T07:18:54.124 UTC",48.59794,
"2022-05-12T07:18:55.274 UTC",0,"2022-05-12T07:18:55.274 UTC",50.9982,"2022-05-12T07:18:55.274 UTC",50.9982,
"2022-05-12T07:18:57.027 UTC",0,"2022-05-12T07:18:57.027 UTC",51.3547,"2022-05-12T07:18:57.027 UTC",51.3547,
"2022-05-12T07:18:58.182 UTC",0,"2022-05-12T07:18:58.182 UTC",49.17049,"2022-05-12T07:18:58.182 UTC",49.17049,
"2022-05-12T07:18:59.337 UTC",0,"2022-05-12T07:18:59.337 UTC",50.13805,"2022-05-12T07:18:59.337 UTC",50.13805,
"2022-05-12T07:19:02.294 UTC",0,"2022-05-12T07:19:02.294 UTC",53.25393,"2022-05-12T07:19:02.294 UTC",53.25393,
"2022-05-12T07:19:03.493 UTC",0.01619,"2022-05-12T07:19:03.493 UTC",0,"2022-05-12T07:19:03.493 UTC",0.01619,
"2022-05-12T07:19:04.650 UTC",0.01619,"2022-05-12T07:19:04.650 UTC",0,"2022-05-12T07:19:04.650 UTC",0.01619,
"2022-05-12T07:19:05.987 UTC",26.97134,"2022-05-12T07:19:05.987 UTC",0,"2022-05-12T07:19:05.987 UTC",26.97134,
"2022-05-12T07:19:08.184 UTC",28.62719,"2022-05-12T07:19:08.184 UTC",0,"2022-05-12T07:19:08.184 UTC",28.62719,
"2022-05-12T07:19:09.356 UTC",29.22492,"2022-05-12T07:19:09.356 UTC",0,"2022-05-12T07:19:09.356 UTC",29.22492,
"2022-05-12T07:19:10.515 UTC",30.177,"2022-05-12T07:19:10.515 UTC",0,"2022-05-12T07:19:10.515 UTC",30.177,
"2022-05-12T07:19:11.781 UTC",31.69742,"2022-05-12T07:19:11.781 UTC",0,"2022-05-12T07:19:11.781 UTC",31.69742,
"2022-05-12T07:19:13.564 UTC",31.62389,"2022-05-12T07:19:13.564 UTC",0,"2022-05-12T07:19:13.564 UTC",31.62389,
"2022-05-12T07:19:14.782 UTC",31.24545,"2022-05-12T07:19:14.782 UTC",0,"2022-05-12T07:19:14.782 UTC",31.24545,
"2022-05-12T07:19:16.025 UTC",31.05684,"2022-05-12T07:19:16.025 UTC",0,"2022-05-12T07:19:16.025 UTC",31.05684,
"2022-05-12T07:19:17.241 UTC",31.41486,"2022-05-12T07:19:17.241 UTC",0,"2022-05-12T07:19:17.241 UTC",31.41486,
"2022-05-12T07:19:18.937 UTC",31.57066,"2022-05-12T07:19:18.937 UTC",0,"2022-05-12T07:19:18.937 UTC",31.57066,
"2022-05-12T07:19:20.077 UTC",31.36298,"2022-05-12T07:19:20.077 UTC",0,"2022-05-12T07:19:20.077 UTC",31.36298,
"2022-05-12T07:19:21.254 UTC",31.04661,"2022-05-12T07:19:21.254 UTC",0,"2022-05-12T07:19:21.254 UTC",31.04661,
"2022-05-12T07:19:23.988 UTC",31.07285,"2022-05-12T07:19:23.988 UTC",0,"2022-05-12T07:19:23.988 UTC",31.07285,
"2022-05-12T07:19:25.229 UTC",0,"2022-05-12T07:19:25.229 UTC",0,"2022-05-12T07:19:25.229 UTC",0,
"2022-05-12T07:19:26.419 UTC",0,"2022-05-12T07:19:26.419 UTC",14.82361,"2022-05-12T07:19:26.419 UTC",14.82361,
"2022-05-12T07:19:27.597 UTC",0,"2022-05-12T07:19:27.597 UTC",35.03669,"2022-05-12T07:19:27.597 UTC",35.03669,
"2022-05-12T07:19:29.670 UTC",0,"2022-05-12T07:19:29.670 UTC",36.45158,"2022-05-12T07:19:29.670 UTC",36.45158,
"2022-05-12T07:19:30.824 UTC",0,"2022-05-12T07:19:30.824 UTC",43.59886,"2022-05-12T07:19:30.824 UTC",43.59886,
"2022-05-12T07:19:32.040 UTC",0,"2022-05-12T07:19:32.040 UTC",42.82759,"2022-05-12T07:19:32.040 UTC",42.82759,
"2022-05-12T07:19:33.283 UTC",0,"2022-05-12T07:19:33.283 UTC",45.96299,"2022-05-12T07:19:33.283 UTC",45.96299,
"2022-05-12T07:19:34.806 UTC",0,"2022-05-12T07:19:34.806 UTC",45.96299,"2022-05-12T07:19:34.806 UTC",45.96299,
"2022-05-12T07:19:35.958 UTC",0,"2022-05-12T07:19:35.958 UTC",44.98205,"2022-05-12T07:19:35.958 UTC",44.98205,
"2022-05-12T07:19:37.262 UTC",0,"2022-05-12T07:19:37.262 UTC",45.39177,"2022-05-12T07:19:37.262 UTC",45.39177,
"2022-05-12T07:19:38.494 UTC",0,"2022-05-12T07:19:38.494 UTC",49.68597,"2022-05-12T07:19:38.494 UTC",49.68597,
"2022-05-12T07:19:40.130 UTC",0,"2022-05-12T07:19:40.130 UTC",43.26031,"2022-05-12T07:19:40.130 UTC",43.26031,
"2022-05-12T07:19:41.286 UTC",0,"2022-05-12T07:19:41.286 UTC",41.21929,"2022-05-12T07:19:41.286 UTC",41.21929,
"2022-05-12T07:19:42.449 UTC",0,"2022-05-12T07:19:42.449 UTC",47.77719,"2022-05-12T07:19:42.449 UTC",47.77719,
"2022-05-12T07:19:43.784 UTC",0,"2022-05-12T07:19:43.784 UTC",0,"2022-05-12T07:19:43.784 UTC",0,
"2022-05-12T07:19:45.851 UTC",0,"2022-05-12T07:19:45.851 UTC",0,"2022-05-12T07:19:45.851 UTC",0,
"2022-05-12T07:19:47.213 UTC",27.88645,"2022-05-12T07:19:47.213 UTC",0,"2022-05-12T07:19:47.213 UTC",27.88645,
"2022-05-12T07:19:48.368 UTC",28.52345,"2022-05-12T07:19:48.368 UTC",0,"2022-05-12T07:19:48.368 UTC",28.52345,
"2022-05-12T07:19:49.508 UTC",27.09349,"2022-05-12T07:19:49.508 UTC",0,"2022-05-12T07:19:49.508 UTC",27.09349,
"2022-05-12T07:19:51.258 UTC",27.60149,"2022-05-12T07:19:51.258 UTC",0,"2022-05-12T07:19:51.258 UTC",27.60149,
"2022-05-12T07:19:52.417 UTC",30.00314,"2022-05-12T07:19:52.417 UTC",0,"2022-05-12T07:19:52.417 UTC",30.00314,
"2022-05-12T07:19:53.571 UTC",27.60657,"2022-05-12T07:19:53.571 UTC",0,"2022-05-12T07:19:53.571 UTC",27.60657,
"2022-05-12T07:19:54.757 UTC",25.43025,"2022-05-12T07:19:54.757 UTC",0,"2022-05-12T07:19:54.757 UTC",25.43025,
"2022-05-12T07:19:56.538 UTC",24.75214,"2022-05-12T07:19:56.538 UTC",0,"2022-05-12T07:19:56.538 UTC",24.75214,
"2022-05-12T07:19:57.831 UTC",24.74717,"2022-05-12T07:19:57.831 UTC",0,"2022-05-12T07:19:57.831 UTC",24.74717,
"2022-05-12T07:19:59.022 UTC",28.10833,"2022-05-12T07:19:59.022 UTC",0,"2022-05-12T07:19:59.022 UTC",28.10833,
"2022-05-12T07:20:00.212 UTC",30.71546,"2022-05-12T07:20:00.212 UTC",0,"2022-05-12T07:20:00.212 UTC",30.71546,
"2022-05-12T07:20:01.998 UTC",31.45677,"2022-05-12T07:20:01.998 UTC",0,"2022-05-12T07:20:01.998 UTC",31.45677,
"2022-05-12T07:20:03.205 UTC",30.76573,"2022-05-12T07:20:03.205 UTC",0,"2022-05-12T07:20:03.205 UTC",30.76573,
"2022-05-12T07:20:05.292 UTC",30.12171,"2022-05-12T07:20:05.292 UTC",0,"2022-05-12T07:20:05.292 UTC",30.12171,
"2022-05-12T07:20:06.475 UTC",0,"2022-05-12T07:20:06.475 UTC",0,"2022-05-12T07:20:06.475 UTC",0,
"2022-05-12T07:20:08.431 UTC",0,"2022-05-12T07:20:08.431 UTC",18.80182,"2022-05-12T07:20:08.431 UTC",18.80182,
"2022-05-12T07:20:09.604 UTC",0,"2022-05-12T07:20:09.604 UTC",100.4341,"2022-05-12T07:20:09.604 UTC",100.4341,
"2022-05-12T07:20:10.830 UTC",0,"2022-05-12T07:20:10.830 UTC",100.6345,"2022-05-12T07:20:10.830 UTC",100.6345,
"2022-05-12T07:20:12.752 UTC",0,"2022-05-12T07:20:12.752 UTC",109.8214,"2022-05-12T07:20:12.752 UTC",109.8214,
"2022-05-12T07:20:13.899 UTC",0,"2022-05-12T07:20:13.899 UTC",99.37051,"2022-05-12T07:20:13.899 UTC",99.37051,
"2022-05-12T07:20:15.085 UTC",0,"2022-05-12T07:20:15.085 UTC",101.99388,"2022-05-12T07:20:15.085 UTC",101.99388,
"2022-05-12T07:20:16.241 UTC",0,"2022-05-12T07:20:16.241 UTC",114.69954,"2022-05-12T07:20:16.241 UTC",114.69954,
"2022-05-12T07:20:17.978 UTC",0,"2022-05-12T07:20:17.978 UTC",110.24762,"2022-05-12T07:20:17.978 UTC",110.24762,
"2022-05-12T07:20:19.134 UTC",0,"2022-05-12T07:20:19.134 UTC",104.89172,"2022-05-12T07:20:19.134 UTC",104.89172,
"2022-05-12T07:20:20.337 UTC",0,"2022-05-12T07:20:20.337 UTC",106.45185,"2022-05-12T07:20:20.337 UTC",106.45185,
"2022-05-12T07:20:21.493 UTC",0,"2022-05-12T07:20:21.493 UTC",105.32745,"2022-05-12T07:20:21.493 UTC",105.32745,
"2022-05-12T07:20:23.309 UTC",0,"2022-05-12T07:20:23.309 UTC",114.0804,"2022-05-12T07:20:23.309 UTC",114.0804,
"2022-05-12T07:20:24.632 UTC",0,"2022-05-12T07:20:24.632 UTC",106.00519,"2022-05-12T07:20:24.632 UTC",106.00519,
"2022-05-12T07:20:26.176 UTC",0,"2022-05-12T07:20:26.176 UTC",98.5559,"2022-05-12T07:20:26.176 UTC",98.5559,
"2022-05-12T07:20:27.310 UTC",0,"2022-05-12T07:20:27.310 UTC",0,"2022-05-12T07:20:27.310 UTC",0,
"2022-05-12T07:20:28.816 UTC",37.74637,"2022-05-12T07:20:28.816 UTC",0,"2022-05-12T07:20:28.816 UTC",37.74637,
"2022-05-12T07:20:30.032 UTC",72.77855,"2022-05-12T07:20:30.032 UTC",0,"2022-05-12T07:20:30.032 UTC",72.77855,
"2022-05-12T07:20:31.186 UTC",75.55542,"2022-05-12T07:20:31.186 UTC",0,"2022-05-12T07:20:31.186 UTC",75.55542,
"2022-05-12T07:20:32.413 UTC",77.14271,"2022-05-12T07:20:32.413 UTC",0,"2022-05-12T07:20:32.413 UTC",77.14271,
"2022-05-12T07:20:34.196 UTC",77.07952,"2022-05-12T07:20:34.196 UTC",0,"2022-05-12T07:20:34.196 UTC",77.07952,
"2022-05-12T07:20:35.358 UTC",72.75892,"2022-05-12T07:20:35.358 UTC",0,"2022-05-12T07:20:35.358 UTC",72.75892,
"2022-05-12T07:20:36.600 UTC",73.08257,"2022-05-12T07:20:36.600 UTC",0,"2022-05-12T07:20:36.600 UTC",73.08257,
"2022-05-12T07:20:37.807 UTC",78.56932,"2022-05-12T07:20:37.807 UTC",0,"2022-05-12T07:20:37.807 UTC",78.56932,
"2022-05-12T07:20:39.600 UTC",78.04581,"2022-05-12T07:20:39.600 UTC",0,"2022-05-12T07:20:39.600 UTC",78.04581,
"2022-05-12T07:20:40.770 UTC",75.37251,"2022-05-12T07:20:40.770 UTC",0,"2022-05-12T07:20:40.770 UTC",75.37251,
"2022-05-12T07:20:41.920 UTC",74.3093,"2022-05-12T07:20:41.920 UTC",0,"2022-05-12T07:20:41.920 UTC",74.3093,
"2022-05-12T07:20:43.154 UTC",75.39637,"2022-05-12T07:20:43.154 UTC",0,"2022-05-12T07:20:43.154 UTC",75.39637,
"2022-05-12T07:20:45.291 UTC",75.10274,"2022-05-12T07:20:45.291 UTC",0,"2022-05-12T07:20:45.291 UTC",75.10274,
"2022-05-12T07:20:46.630 UTC",0,"2022-05-12T07:20:46.630 UTC",0,"2022-05-12T07:20:46.630 UTC",0,
"2022-05-12T07:20:47.889 UTC",0,"2022-05-12T07:20:47.889 UTC",0,"2022-05-12T07:20:47.889 UTC",0,
"2022-05-12T07:20:49.083 UTC",0,"2022-05-12T07:20:49.083 UTC",85.86459,"2022-05-12T07:20:49.083 UTC",85.86459,
"2022-05-12T07:20:50.663 UTC",0,"2022-05-12T07:20:50.663 UTC",85.86459,"2022-05-12T07:20:50.663 UTC",85.86459,
"2022-05-12T07:20:51.892 UTC",0,"2022-05-12T07:20:51.892 UTC",83.37907,"2022-05-12T07:20:51.892 UTC",83.37907,
"2022-05-12T07:20:53.044 UTC",0,"2022-05-12T07:20:53.044 UTC",85.42363,"2022-05-12T07:20:53.044 UTC",85.42363,
"2022-05-12T07:20:54.204 UTC",0,"2022-05-12T07:20:54.204 UTC",92.74039,"2022-05-12T07:20:54.204 UTC",92.74039,
"2022-05-12T07:20:56.014 UTC",0,"2022-05-12T07:20:56.014 UTC",96.69566,"2022-05-12T07:20:56.014 UTC",96.69566,
"2022-05-12T07:20:57.175 UTC",0,"2022-05-12T07:20:57.175 UTC",95.59125,"2022-05-12T07:20:57.175 UTC",95.59125,
"2022-05-12T07:20:58.558 UTC",0,"2022-05-12T07:20:58.558 UTC",91.73112,"2022-05-12T07:20:58.558 UTC",91.73112,
"2022-05-12T07:20:59.740 UTC",0,"2022-05-12T07:20:59.740 UTC",90.32703,"2022-05-12T07:20:59.740 UTC",90.32703,
"2022-05-12T07:21:01.287 UTC",0,"2022-05-12T07:21:01.287 UTC",85.41632,"2022-05-12T07:21:01.287 UTC",85.41632,
"2022-05-12T07:21:02.458 UTC",0,"2022-05-12T07:21:02.458 UTC",86.77859,"2022-05-12T07:21:02.458 UTC",86.77859,
"2022-05-12T07:21:03.764 UTC",0,"2022-05-12T07:21:03.764 UTC",87.06087,"2022-05-12T07:21:03.764 UTC",87.06087,
"2022-05-12T07:21:05.692 UTC",0,"2022-05-12T07:21:05.692 UTC",85.11912,"2022-05-12T07:21:05.692 UTC",85.11912,
"2022-05-12T07:21:07.524 UTC",0,"2022-05-12T07:21:07.524 UTC",0,"2022-05-12T07:21:07.524 UTC",0,
"2022-05-12T07:21:08.704 UTC",38.4427,"2022-05-12T07:21:08.704 UTC",0,"2022-05-12T07:21:08.704 UTC",38.4427,
"2022-05-12T07:21:09.908 UTC",51.07598,"2022-05-12T07:21:09.908 UTC",0,"2022-05-12T07:21:09.908 UTC",51.07598,
"2022-05-12T07:21:11.936 UTC",51.78708,"2022-05-12T07:21:11.936 UTC",0,"2022-05-12T07:21:11.936 UTC",51.78708,
"2022-05-12T07:21:13.132 UTC",48.77419,"2022-05-12T07:21:13.132 UTC",0,"2022-05-12T07:21:13.132 UTC",48.77419,
"2022-05-12T07:21:14.332 UTC",53.72951,"2022-05-12T07:21:14.332 UTC",0,"2022-05-12T07:21:14.332 UTC",53.72951,
"2022-05-12T07:21:15.512 UTC",56.51938,"2022-05-12T07:21:15.512 UTC",0,"2022-05-12T07:21:15.512 UTC",56.51938,
"2022-05-12T07:21:17.270 UTC",57.26324,"2022-05-12T07:21:17.270 UTC",0,"2022-05-12T07:21:17.270 UTC",57.26324,
"2022-05-12T07:21:18.498 UTC",56.86465,"2022-05-12T07:21:18.498 UTC",0,"2022-05-12T07:21:18.498 UTC",56.86465,
"2022-05-12T07:21:19.680 UTC",59.49153,"2022-05-12T07:21:19.680 UTC",0,"2022-05-12T07:21:19.680 UTC",59.49153,
"2022-05-12T07:21:20.825 UTC",60.44574,"2022-05-12T07:21:20.825 UTC",0,"2022-05-12T07:21:20.825 UTC",60.44574,
"2022-05-12T07:21:22.794 UTC",62.29054,"2022-05-12T07:21:22.794 UTC",0,"2022-05-12T07:21:22.794 UTC",62.29054,
"2022-05-12T07:21:23.954 UTC",65.18922,"2022-05-12T07:21:23.954 UTC",0,"2022-05-12T07:21:23.954 UTC",65.18922,
"2022-05-12T07:21:26.279 UTC",59.53186,"2022-05-12T07:21:26.279 UTC",0,"2022-05-12T07:21:26.279 UTC",59.53186,
"2022-05-12T07:21:28.083 UTC",0,"2022-05-12T07:21:28.083 UTC",0,"2022-05-12T07:21:28.083 UTC",0,
"2022-05-12T07:21:29.283 UTC",0,"2022-05-12T07:21:29.283 UTC",183.43511,"2022-05-12T07:21:29.283 UTC",183.43511,
"2022-05-12T07:21:30.454 UTC",0,"2022-05-12T07:21:30.454 UTC",201.04323,"2022-05-12T07:21:30.454 UTC",201.04323,
"2022-05-12T07:21:31.642 UTC",0,"2022-05-12T07:21:31.642 UTC",215.26695,"2022-05-12T07:21:31.642 UTC",215.26695,
"2022-05-12T07:21:33.296 UTC",0,"2022-05-12T07:21:33.296 UTC",233.96462,"2022-05-12T07:21:33.296 UTC",233.96462,
"2022-05-12T07:21:34.471 UTC",0,"2022-05-12T07:21:34.471 UTC",228.30287,"2022-05-12T07:21:34.471 UTC",228.30287,
"2022-05-12T07:21:35.706 UTC",0,"2022-05-12T07:21:35.706 UTC",222.66861,"2022-05-12T07:21:35.706 UTC",222.66861,
"2022-05-12T07:21:36.853 UTC",0,"2022-05-12T07:21:36.853 UTC",223.69633,"2022-05-12T07:21:36.853 UTC",223.69633,
"2022-05-12T07:21:38.669 UTC",0,"2022-05-12T07:21:38.669 UTC",223.29548,"2022-05-12T07:21:38.669 UTC",223.29548,
"2022-05-12T07:21:41.132 UTC",0,"2022-05-12T07:21:41.132 UTC",223.64095,"2022-05-12T07:21:41.132 UTC",223.64095,
"2022-05-12T07:21:42.313 UTC",0,"2022-05-12T07:21:42.313 UTC",215.5558,"2022-05-12T07:21:42.313 UTC",215.5558,
"2022-05-12T07:21:43.472 UTC",0,"2022-05-12T07:21:43.472 UTC",217.82068,"2022-05-12T07:21:43.472 UTC",217.82068,
"2022-05-12T07:21:45.427 UTC",0,"2022-05-12T07:21:45.427 UTC",224.52281,"2022-05-12T07:21:45.427 UTC",224.52281,
"2022-05-12T07:21:47.191 UTC",0,"2022-05-12T07:21:47.191 UTC",0,"2022-05-12T07:21:47.191 UTC",0,
"2022-05-12T07:21:48.805 UTC",0,"2022-05-12T07:21:48.805 UTC",0,"2022-05-12T07:21:48.805 UTC",0,
"2022-05-12T07:21:50.818 UTC",1.66105,"2022-05-12T07:21:50.818 UTC",0,"2022-05-12T07:21:50.818 UTC",1.66105,
"2022-05-12T07:21:52.147 UTC",125.07563,"2022-05-12T07:21:52.147 UTC",0,"2022-05-12T07:21:52.147 UTC",125.07563,
"2022-05-12T07:21:53.418 UTC",128.26134,"2022-05-12T07:21:53.418 UTC",0,"2022-05-12T07:21:53.418 UTC",128.26134,
"2022-05-12T07:21:54.752 UTC",129.81665,"2022-05-12T07:21:54.752 UTC",0,"2022-05-12T07:21:54.752 UTC",129.81665,
"2022-05-12T07:21:56.288 UTC",138.20084,"2022-05-12T07:21:56.288 UTC",0,"2022-05-12T07:21:56.288 UTC",138.20084,
"2022-05-12T07:21:57.508 UTC",142.1972,"2022-05-12T07:21:57.508 UTC",0,"2022-05-12T07:21:57.508 UTC",142.1972,
"2022-05-12T07:21:58.732 UTC",153.35339,"2022-05-12T07:21:58.732 UTC",0,"2022-05-12T07:21:58.732 UTC",153.35339,
"2022-05-12T07:21:59.966 UTC",153.3895,"2022-05-12T07:21:59.966 UTC",0,"2022-05-12T07:21:59.966 UTC",153.3895,
"2022-05-12T07:22:01.615 UTC",148.38298,"2022-05-12T07:22:01.615 UTC",0,"2022-05-12T07:22:01.615 UTC",148.38298,
"2022-05-12T07:22:02.776 UTC",136.526,"2022-05-12T07:22:02.776 UTC",0,"2022-05-12T07:22:02.776 UTC",136.526,
"2022-05-12T07:22:04.051 UTC",135.74245,"2022-05-12T07:22:04.051 UTC",0,"2022-05-12T07:22:04.051 UTC",135.74245,
"2022-05-12T07:22:05.217 UTC",148.11405,"2022-05-12T07:22:05.217 UTC",0,"2022-05-12T07:22:05.217 UTC",148.11405,
"2022-05-12T07:22:07.586 UTC",150.95544,"2022-05-12T07:22:07.586 UTC",0,"2022-05-12T07:22:07.586 UTC",150.95544,
"2022-05-12T07:22:08.789 UTC",0,"2022-05-12T07:22:08.789 UTC",0,"2022-05-12T07:22:08.789 UTC",0,
"2022-05-12T07:22:09.959 UTC",0,"2022-05-12T07:22:09.959 UTC",42.09725,"2022-05-12T07:22:09.959 UTC",42.09725,
"2022-05-12T07:22:11.256 UTC",0,"2022-05-12T07:22:11.256 UTC",141.70788,"2022-05-12T07:22:11.256 UTC",141.70788,
"2022-05-12T07:22:13.527 UTC",0,"2022-05-12T07:22:13.527 UTC",152.99955,"2022-05-12T07:22:13.527 UTC",152.99955,
"2022-05-12T07:22:14.740 UTC",0,"2022-05-12T07:22:14.740 UTC",150.78062,"2022-05-12T07:22:14.740 UTC",150.78062,
"2022-05-12T07:22:16.080 UTC",0,"2022-05-12T07:22:16.080 UTC",140.47464,"2022-05-12T07:22:16.080 UTC",140.47464,
"2022-05-12T07:22:18.157 UTC",0,"2022-05-12T07:22:18.157 UTC",128.83892,"2022-05-12T07:22:18.157 UTC",128.83892,
"2022-05-12T07:22:19.326 UTC",0,"2022-05-12T07:22:19.326 UTC",140.09867,"2022-05-12T07:22:19.326 UTC",140.09867,
"2022-05-12T07:22:20.498 UTC",0,"2022-05-12T07:22:20.498 UTC",142.01554,"2022-05-12T07:22:20.498 UTC",142.01554,
"2022-05-12T07:22:21.650 UTC",0,"2022-05-12T07:22:21.650 UTC",131.48947,"2022-05-12T07:22:21.650 UTC",131.48947,
"2022-05-12T07:22:23.244 UTC",0,"2022-05-12T07:22:23.244 UTC",112.04498,"2022-05-12T07:22:23.244 UTC",112.04498,
"2022-05-12T07:22:24.390 UTC",0,"2022-05-12T07:22:24.390 UTC",133.54673,"2022-05-12T07:22:24.390 UTC",133.54673,
"2022-05-12T07:22:26.615 UTC",0,"2022-05-12T07:22:26.615 UTC",157.92345,"2022-05-12T07:22:26.615 UTC",157.92345,
"2022-05-12T07:22:28.961 UTC",0,"2022-05-12T07:22:28.961 UTC",0,"2022-05-12T07:22:28.961 UTC",0,
"2022-05-12T07:22:30.150 UTC",92.43533,"2022-05-12T07:22:30.150 UTC",0,"2022-05-12T07:22:30.150 UTC",92.43533,
"2022-05-12T07:22:31.299 UTC",94.84107,"2022-05-12T07:22:31.299 UTC",0,"2022-05-12T07:22:31.299 UTC",94.84107,
"2022-05-12T07:22:32.447 UTC",96.52974,"2022-05-12T07:22:32.447 UTC",0,"2022-05-12T07:22:32.447 UTC",96.52974,
"2022-05-12T07:22:34.466 UTC",98.82425,"2022-05-12T07:22:34.466 UTC",0,"2022-05-12T07:22:34.466 UTC",98.82425,
"2022-05-12T07:22:35.637 UTC",106.55177,"2022-05-12T07:22:35.637 UTC",0,"2022-05-12T07:22:35.637 UTC",106.55177,
"2022-05-12T07:22:36.798 UTC",101.38558,"2022-05-12T07:22:36.798 UTC",0,"2022-05-12T07:22:36.798 UTC",101.38558,
"2022-05-12T07:22:37.991 UTC",103.41578,"2022-05-12T07:22:37.991 UTC",0,"2022-05-12T07:22:37.991 UTC",103.41578,
"2022-05-12T07:22:39.908 UTC",110.81414,"2022-05-12T07:22:39.908 UTC",0,"2022-05-12T07:22:39.908 UTC",110.81414,
"2022-05-12T07:22:41.113 UTC",118.27644,"2022-05-12T07:22:41.113 UTC",0,"2022-05-12T07:22:41.113 UTC",118.27644,
"2022-05-12T07:22:42.317 UTC",117.77973,"2022-05-12T07:22:42.317 UTC",0,"2022-05-12T07:22:42.317 UTC",117.77973,
"2022-05-12T07:22:43.525 UTC",118.53441,"2022-05-12T07:22:43.525 UTC",0,"2022-05-12T07:22:43.525 UTC",118.53441,
"2022-05-12T07:22:45.299 UTC",116.77089,"2022-05-12T07:22:45.299 UTC",0,"2022-05-12T07:22:45.299 UTC",116.77089,
"2022-05-12T07:22:46.449 UTC",106.58532,"2022-05-12T07:22:46.449 UTC",0,"2022-05-12T07:22:46.449 UTC",106.58532,
"2022-05-12T07:22:48.488 UTC",0,"2022-05-12T07:22:48.488 UTC",0,"2022-05-12T07:22:48.488 UTC",0,
"2022-05-12T07:22:50.680 UTC",0,"2022-05-12T07:22:50.680 UTC",0,"2022-05-12T07:22:50.680 UTC",0,
"2022-05-12T07:22:51.934 UTC",0,"2022-05-12T07:22:51.934 UTC",357.40489,"2022-05-12T07:22:51.934 UTC",357.40489,
"2022-05-12T07:22:53.130 UTC",0,"2022-05-12T07:22:53.130 UTC",336.7359,"2022-05-12T07:22:53.130 UTC",336.7359,
"2022-05-12T07:22:54.354 UTC",0,"2022-05-12T07:22:54.354 UTC",339.01354,"2022-05-12T07:22:54.354 UTC",339.01354,
"2022-05-12T07:22:56.156 UTC",0,"2022-05-12T07:22:56.156 UTC",321.26555,"2022-05-12T07:22:56.156 UTC",321.26555,
"2022-05-12T07:22:57.346 UTC",0,"2022-05-12T07:22:57.346 UTC",322.86371,"2022-05-12T07:22:57.346 UTC",322.86371,
"2022-05-12T07:22:58.528 UTC",0,"2022-05-12T07:22:58.528 UTC",334.29677,"2022-05-12T07:22:58.528 UTC",334.29677,
"2022-05-12T07:22:59.707 UTC",0,"2022-05-12T07:22:59.707 UTC",324.01485,"2022-05-12T07:22:59.707 UTC",324.01485,
"2022-05-12T07:23:01.438 UTC",0,"2022-05-12T07:23:01.438 UTC",321.09057,"2022-05-12T07:23:01.438 UTC",321.09057,
"2022-05-12T07:23:02.734 UTC",0,"2022-05-12T07:23:02.734 UTC",318.71652,"2022-05-12T07:23:02.734 UTC",318.71652,
"2022-05-12T07:23:03.920 UTC",0,"2022-05-12T07:23:03.920 UTC",320.52539,"2022-05-12T07:23:03.920 UTC",320.52539,
"2022-05-12T07:23:05.134 UTC",0,"2022-05-12T07:23:05.134 UTC",320.02358,"2022-05-12T07:23:05.134 UTC",320.02358,
"2022-05-12T07:23:06.787 UTC",0,"2022-05-12T07:23:06.787 UTC",318.52718,"2022-05-12T07:23:06.787 UTC",318.52718,
"2022-05-12T07:23:07.975 UTC",0,"2022-05-12T07:23:07.975 UTC",321.22754,"2022-05-12T07:23:07.975 UTC",321.22754,
"2022-05-12T07:23:09.545 UTC",0,"2022-05-12T07:23:09.545 UTC",321.22754,"2022-05-12T07:23:09.545 UTC",321.22754,
"2022-05-12T07:23:10.754 UTC",0,"2022-05-12T07:23:10.754 UTC",0,"2022-05-12T07:23:10.754 UTC",0,
"2022-05-12T07:23:12.999 UTC",70.68518,"2022-05-12T07:23:12.999 UTC",0,"2022-05-12T07:23:12.999 UTC",70.68518,
"2022-05-12T07:23:14.224 UTC",276.33506,"2022-05-12T07:23:14.224 UTC",0,"2022-05-12T07:23:14.224 UTC",276.33506,
"2022-05-12T07:23:15.517 UTC",262.58847,"2022-05-12T07:23:15.517 UTC",0,"2022-05-12T07:23:15.517 UTC",262.58847,
"2022-05-12T07:23:16.843 UTC",256.88817,"2022-05-12T07:23:16.843 UTC",0,"2022-05-12T07:23:16.843 UTC",256.88817,
"2022-05-12T07:23:18.246 UTC",254.65103,"2022-05-12T07:23:18.246 UTC",0,"2022-05-12T07:23:18.246 UTC",254.65103,
"2022-05-12T07:23:19.434 UTC",238.25997,"2022-05-12T07:23:19.434 UTC",0,"2022-05-12T07:23:19.434 UTC",238.25997,
"2022-05-12T07:23:20.632 UTC",249.55251,"2022-05-12T07:23:20.632 UTC",0,"2022-05-12T07:23:20.632 UTC",249.55251,
"2022-05-12T07:23:21.942 UTC",268.10828,"2022-05-12T07:23:21.942 UTC",0,"2022-05-12T07:23:21.942 UTC",268.10828,
"2022-05-12T07:23:23.784 UTC",275.59955,"2022-05-12T07:23:23.784 UTC",0,"2022-05-12T07:23:23.784 UTC",275.59955,
"2022-05-12T07:23:24.972 UTC",266.96808,"2022-05-12T07:23:24.972 UTC",0,"2022-05-12T07:23:24.972 UTC",266.96808,
"2022-05-12T07:23:26.221 UTC",263.38439,"2022-05-12T07:23:26.221 UTC",0,"2022-05-12T07:23:26.221 UTC",263.38439,
"2022-05-12T07:23:27.454 UTC",257.09785,"2022-05-12T07:23:27.454 UTC",0,"2022-05-12T07:23:27.454 UTC",257.09785,
"2022-05-12T07:23:29.731 UTC",257.09785,"2022-05-12T07:23:29.731 UTC",0,"2022-05-12T07:23:29.731 UTC",257.09785,
"2022-05-12T07:23:30.924 UTC",258.19795,"2022-05-12T07:23:30.924 UTC",0,"2022-05-12T07:23:30.924 UTC",258.19795,
"2022-05-12T07:23:32.404 UTC",0,"2022-05-12T07:23:32.404 UTC",0,"2022-05-12T07:23:32.404 UTC",0,
"2022-05-12T07:23:33.617 UTC",0,"2022-05-12T07:23:33.617 UTC",0,"2022-05-12T07:23:33.617 UTC",0,
"2022-05-12T07:23:35.552 UTC",0,"2022-05-12T07:23:35.552 UTC",110.04081,"2022-05-12T07:23:35.552 UTC",110.04081,
"2022-05-12T07:23:36.765 UTC",0,"2022-05-12T07:23:36.765 UTC",230.98764,"2022-05-12T07:23:36.765 UTC",230.98764,
"2022-05-12T07:23:37.962 UTC",0,"2022-05-12T07:23:37.962 UTC",229.08061,"2022-05-12T07:23:37.962 UTC",229.08061,
"2022-05-12T07:23:39.448 UTC",0,"2022-05-12T07:23:39.448 UTC",232.85582,"2022-05-12T07:23:39.448 UTC",232.85582,
"2022-05-12T07:23:41.001 UTC",0,"2022-05-12T07:23:41.001 UTC",242.09394,"2022-05-12T07:23:41.001 UTC",242.09394,
"2022-05-12T07:23:42.256 UTC",0,"2022-05-12T07:23:42.256 UTC",244.07007,"2022-05-12T07:23:42.256 UTC",244.07007,
"2022-05-12T07:23:43.475 UTC",0,"2022-05-12T07:23:43.475 UTC",241.70712,"2022-05-12T07:23:43.475 UTC",241.70712,
"2022-05-12T07:23:44.685 UTC",0,"2022-05-12T07:23:44.685 UTC",239.80721,"2022-05-12T07:23:44.685 UTC",239.80721,
"2022-05-12T07:23:46.866 UTC",0,"2022-05-12T07:23:46.866 UTC",242.93714,"2022-05-12T07:23:46.866 UTC",242.93714,
"2022-05-12T07:23:48.175 UTC",0,"2022-05-12T07:23:48.175 UTC",249.81406,"2022-05-12T07:23:48.175 UTC",249.81406,
"2022-05-12T07:23:50.016 UTC",0,"2022-05-12T07:23:50.016 UTC",250.23407,"2022-05-12T07:23:50.016 UTC",250.23407,
"2022-05-12T07:23:51.762 UTC",0,"2022-05-12T07:23:51.762 UTC",244.93526,"2022-05-12T07:23:51.762 UTC",244.93526,
"2022-05-12T07:23:52.979 UTC",0,"2022-05-12T07:23:52.979 UTC",237.64496,"2022-05-12T07:23:52.979 UTC",237.64496,
"2022-05-12T07:23:54.582 UTC",0,"2022-05-12T07:23:54.582 UTC",0,"2022-05-12T07:23:54.582 UTC",0,
"2022-05-12T07:23:55.899 UTC",0,"2022-05-12T07:23:55.899 UTC",0,"2022-05-12T07:23:55.899 UTC",0,
"2022-05-12T07:23:57.465 UTC",17.28336,"2022-05-12T07:23:57.465 UTC",0,"2022-05-12T07:23:57.465 UTC",17.28336,
"2022-05-12T07:23:58.628 UTC",126.73856,"2022-05-12T07:23:58.628 UTC",0,"2022-05-12T07:23:58.628 UTC",126.73856,
"2022-05-12T07:23:59.815 UTC",136.09175,"2022-05-12T07:23:59.815 UTC",0,"2022-05-12T07:23:59.815 UTC",136.09175,
"2022-05-12T07:24:01.036 UTC",140.06806,"2022-05-12T07:24:01.036 UTC",0,"2022-05-12T07:24:01.036 UTC",140.06806,
"2022-05-12T07:24:02.861 UTC",140.01318,"2022-05-12T07:24:02.861 UTC",0,"2022-05-12T07:24:02.861 UTC",140.01318,
"2022-05-12T07:24:04.041 UTC",143.71454,"2022-05-12T07:24:04.041 UTC",0,"2022-05-12T07:24:04.041 UTC",143.71454,
"2022-05-12T07:24:05.223 UTC",158.61921,"2022-05-12T07:24:05.223 UTC",0,"2022-05-12T07:24:05.223 UTC",158.61921,
"2022-05-12T07:24:06.451 UTC",161.53028,"2022-05-12T07:24:06.451 UTC",0,"2022-05-12T07:24:06.451 UTC",161.53028,
"2022-05-12T07:24:08.489 UTC",158.98976,"2022-05-12T07:24:08.489 UTC",0,"2022-05-12T07:24:08.489 UTC",158.98976,
"2022-05-12T07:24:09.718 UTC",160.21849,"2022-05-12T07:24:09.718 UTC",0,"2022-05-12T07:24:09.718 UTC",160.21849,
"2022-05-12T07:24:10.945 UTC",160.93212,"2022-05-12T07:24:10.945 UTC",0,"2022-05-12T07:24:10.945 UTC",160.93212,
"2022-05-12T07:24:12.178 UTC",161.61995,"2022-05-12T07:24:12.178 UTC",0,"2022-05-12T07:24:12.178 UTC",161.61995,
"2022-05-12T07:24:14.747 UTC",157.50893,"2022-05-12T07:24:14.747 UTC",0,"2022-05-12T07:24:14.747 UTC",157.50893,
"2022-05-12T07:24:15.941 UTC",0,"2022-05-12T07:24:15.941 UTC",0,"2022-05-12T07:24:15.941 UTC",0,
"2022-05-12T07:24:17.296 UTC",0,"2022-05-12T07:24:17.296 UTC",32.4445,"2022-05-12T07:24:17.296 UTC",32.4445,
"2022-05-12T07:24:19.364 UTC",0,"2022-05-12T07:24:19.364 UTC",274.97781,"2022-05-12T07:24:19.364 UTC",274.97781,
"2022-05-12T07:24:20.568 UTC",0,"2022-05-12T07:24:20.568 UTC",358.25621,"2022-05-12T07:24:20.568 UTC",358.25621,
"2022-05-12T07:24:21.754 UTC",0,"2022-05-12T07:24:21.754 UTC",334.54713,"2022-05-12T07:24:21.754 UTC",334.54713,
"2022-05-12T07:24:22.953 UTC",0,"2022-05-12T07:24:22.953 UTC",329.83938,"2022-05-12T07:24:22.953 UTC",329.83938,
"2022-05-12T07:24:24.621 UTC",0,"2022-05-12T07:24:24.621 UTC",330.08188,"2022-05-12T07:24:24.621 UTC",330.08188,
"2022-05-12T07:24:25.880 UTC",0,"2022-05-12T07:24:25.880 UTC",330.89593,"2022-05-12T07:24:25.880 UTC",330.89593,
"2022-05-12T07:24:27.080 UTC",0,"2022-05-12T07:24:27.080 UTC",330.87444,"2022-05-12T07:24:27.080 UTC",330.87444,
"2022-05-12T07:24:28.254 UTC",0,"2022-05-12T07:24:28.254 UTC",328.64094,"2022-05-12T07:24:28.254 UTC",328.64094,
"2022-05-12T07:24:29.967 UTC",0,"2022-05-12T07:24:29.967 UTC",333.32631,"2022-05-12T07:24:29.967 UTC",333.32631,
"2022-05-12T07:24:31.170 UTC",0,"2022-05-12T07:24:31.170 UTC",326.95122,"2022-05-12T07:24:31.170 UTC",326.95122,
"2022-05-12T07:24:32.353 UTC",0,"2022-05-12T07:24:32.353 UTC",327.7641,"2022-05-12T07:24:32.353 UTC",327.7641,
"2022-05-12T07:24:35.174 UTC",0,"2022-05-12T07:24:35.174 UTC",329.00938,"2022-05-12T07:24:35.174 UTC",329.00938,
"2022-05-12T07:24:36.336 UTC",0,"2022-05-12T07:24:36.336 UTC",0,"2022-05-12T07:24:36.336 UTC",0,
"2022-05-12T07:24:37.563 UTC",205.83034,"2022-05-12T07:24:37.563 UTC",0,"2022-05-12T07:24:37.563 UTC",205.83034,
"2022-05-12T07:24:38.846 UTC",331.05235,"2022-05-12T07:24:38.846 UTC",0,"2022-05-12T07:24:38.846 UTC",331.05235,
"2022-05-12T07:24:41.198 UTC",354.65595,"2022-05-12T07:24:41.198 UTC",0,"2022-05-12T07:24:41.198 UTC",354.65595,
"2022-05-12T07:24:42.430 UTC",377.11646,"2022-05-12T07:24:42.430 UTC",0,"2022-05-12T07:24:42.430 UTC",377.11646,
"2022-05-12T07:24:43.610 UTC",348.28938,"2022-05-12T07:24:43.610 UTC",0,"2022-05-12T07:24:43.610 UTC",348.28938,
"2022-05-12T07:24:44.811 UTC",345.99816,"2022-05-12T07:24:44.811 UTC",0,"2022-05-12T07:24:44.811 UTC",345.99816,
"2022-05-12T07:24:46.846 UTC",345.99816,"2022-05-12T07:24:46.846 UTC",0,"2022-05-12T07:24:46.846 UTC",345.99816,
"2022-05-12T07:24:48.153 UTC",368.59276,"2022-05-12T07:24:48.153 UTC",0,"2022-05-12T07:24:48.153 UTC",368.59276,
"2022-05-12T07:24:49.438 UTC",366.2457,"2022-05-12T07:24:49.438 UTC",0,"2022-05-12T07:24:49.438 UTC",366.2457,
"2022-05-12T07:24:50.665 UTC",366.29462,"2022-05-12T07:24:50.665 UTC",0,"2022-05-12T07:24:50.665 UTC",366.29462,
"2022-05-12T07:24:52.542 UTC",364.04251,"2022-05-12T07:24:52.542 UTC",0,"2022-05-12T07:24:52.542 UTC",364.04251,
"2022-05-12T07:24:53.738 UTC",337.39203,"2022-05-12T07:24:53.738 UTC",0,"2022-05-12T07:24:53.738 UTC",337.39203,
"2022-05-12T07:24:55.077 UTC",324.41935,"2022-05-12T07:24:55.077 UTC",0,"2022-05-12T07:24:55.077 UTC",324.41935,
"2022-05-12T07:24:56.866 UTC",292.99955,"2022-05-12T07:24:56.866 UTC",0,"2022-05-12T07:24:56.866 UTC",292.99955,
"2022-05-12T07:24:59.355 UTC",0,"2022-05-12T07:24:59.355 UTC",0,"2022-05-12T07:24:59.355 UTC",0,
"2022-05-12T07:25:00.618 UTC",0,"2022-05-12T07:25:00.618 UTC",137.33365,"2022-05-12T07:25:00.618 UTC",137.33365,
"2022-05-12T07:25:01.848 UTC",0,"2022-05-12T07:25:01.848 UTC",226.4759,"2022-05-12T07:25:01.848 UTC",226.4759,
"2022-05-12T07:25:04.465 UTC",0,"2022-05-12T07:25:04.465 UTC",267.23512,"2022-05-12T07:25:04.465 UTC",267.23512,
"2022-05-12T07:25:05.756 UTC",0,"2022-05-12T07:25:05.756 UTC",282.24707,"2022-05-12T07:25:05.756 UTC",282.24707,
"2022-05-12T07:25:07.131 UTC",0,"2022-05-12T07:25:07.131 UTC",281.15978,"2022-05-12T07:25:07.131 UTC",281.15978,
"2022-05-12T07:25:08.409 UTC",0,"2022-05-12T07:25:08.409 UTC",299.34951,"2022-05-12T07:25:08.409 UTC",299.34951,
"2022-05-12T07:25:09.596 UTC",0,"2022-05-12T07:25:09.596 UTC",302.30876,"2022-05-12T07:25:09.596 UTC",302.30876,
"2022-05-12T07:25:10.873 UTC",0,"2022-05-12T07:25:10.873 UTC",300.33049,"2022-05-12T07:25:10.873 UTC",300.33049,
"2022-05-12T07:25:12.267 UTC",0,"2022-05-12T07:25:12.267 UTC",304.09328,"2022-05-12T07:25:12.267 UTC",304.09328,
"2022-05-12T07:25:13.489 UTC",0,"2022-05-12T07:25:13.489 UTC",299.3329,"2022-05-12T07:25:13.489 UTC",299.3329,
"2022-05-12T07:25:14.998 UTC",0,"2022-05-12T07:25:14.998 UTC",299.3329,"2022-05-12T07:25:14.998 UTC",299.3329,
"2022-05-12T07:25:16.265 UTC",0,"2022-05-12T07:25:16.265 UTC",282.95399,"2022-05-12T07:25:16.265 UTC",282.95399,
"2022-05-12T07:25:17.758 UTC",0,"2022-05-12T07:25:17.758 UTC",0,"2022-05-12T07:25:17.758 UTC",0,
"2022-05-12T07:25:18.950 UTC",0,"2022-05-12T07:25:18.950 UTC",0,"2022-05-12T07:25:18.950 UTC",0,
"2022-05-12T07:25:20.641 UTC",125.27461,"2022-05-12T07:25:20.641 UTC",0,"2022-05-12T07:25:20.641 UTC",125.27461,
"2022-05-12T07:25:21.982 UTC",202.6723,"2022-05-12T07:25:21.982 UTC",0,"2022-05-12T07:25:21.982 UTC",202.6723,
"2022-05-12T07:25:23.310 UTC",216.33361,"2022-05-12T07:25:23.310 UTC",0,"2022-05-12T07:25:23.310 UTC",216.33361,
"2022-05-12T07:25:24.565 UTC",220.78964,"2022-05-12T07:25:24.565 UTC",0,"2022-05-12T07:25:24.565 UTC",220.78964,
"2022-05-12T07:25:26.001 UTC",218.65104,"2022-05-12T07:25:26.001 UTC",0,"2022-05-12T07:25:26.001 UTC",218.65104,
"2022-05-12T07:25:27.206 UTC",197.15,"2022-05-12T07:25:27.206 UTC",0,"2022-05-12T07:25:27.206 UTC",197.15,
"2022-05-12T07:25:28.512 UTC",179.57814,"2022-05-12T07:25:28.512 UTC",0,"2022-05-12T07:25:28.512 UTC",179.57814,
"2022-05-12T07:25:29.708 UTC",192.67115,"2022-05-12T07:25:29.708 UTC",0,"2022-05-12T07:25:29.708 UTC",192.67115,
"2022-05-12T07:25:31.382 UTC",194.33978,"2022-05-12T07:25:31.382 UTC",0,"2022-05-12T07:25:31.382 UTC",194.33978,
"2022-05-12T07:25:32.666 UTC",164.03356,"2022-05-12T07:25:32.666 UTC",0,"2022-05-12T07:25:32.666 UTC",164.03356,
"2022-05-12T07:25:33.960 UTC",170.35781,"2022-05-12T07:25:33.960 UTC",0,"2022-05-12T07:25:33.960 UTC",170.35781,
"2022-05-12T07:25:35.166 UTC",182.40203,"2022-05-12T07:25:35.166 UTC",0,"2022-05-12T07:25:35.166 UTC",182.40203,
"2022-05-12T07:25:37.171 UTC",195.3021,"2022-05-12T07:25:37.171 UTC",0,"2022-05-12T07:25:37.171 UTC",195.3021,
"2022-05-12T07:25:38.727 UTC",0,"2022-05-12T07:25:38.727 UTC",0,"2022-05-12T07:25:38.727 UTC",0,
"2022-05-12T07:25:40.338 UTC",0,"2022-05-12T07:25:40.338 UTC",0,"2022-05-12T07:25:40.338 UTC",0,
"2022-05-12T07:25:41.491 UTC",0,"2022-05-12T07:25:41.491 UTC",24.03172,"2022-05-12T07:25:41.491 UTC",24.03172,
"2022-05-12T07:25:43.836 UTC",0,"2022-05-12T07:25:43.836 UTC",304.96554,"2022-05-12T07:25:43.836 UTC",304.96554,
"2022-05-12T07:25:45.045 UTC",0,"2022-05-12T07:25:45.045 UTC",328.94267,"2022-05-12T07:25:45.045 UTC",328.94267,
"2022-05-12T07:25:46.274 UTC",0,"2022-05-12T07:25:46.274 UTC",343.90374,"2022-05-12T07:25:46.274 UTC",343.90374,
"2022-05-12T07:25:48.459 UTC",0,"2022-05-12T07:25:48.459 UTC",328.00531,"2022-05-12T07:25:48.459 UTC",328.00531,
"2022-05-12T07:25:49.672 UTC",0,"2022-05-12T07:25:49.672 UTC",328.81836,"2022-05-12T07:25:49.672 UTC",328.81836,
"2022-05-12T07:25:50.932 UTC",0,"2022-05-12T07:25:50.932 UTC",328.76996,"2022-05-12T07:25:50.932 UTC",328.76996,
"2022-05-12T07:25:52.189 UTC",0,"2022-05-12T07:25:52.189 UTC",329.56422,"2022-05-12T07:25:52.189 UTC",329.56422,
"2022-05-12T07:25:53.632 UTC",0,"2022-05-12T07:25:53.632 UTC",330.00565,"2022-05-12T07:25:53.632 UTC",330.00565,
"2022-05-12T07:25:54.975 UTC",0,"2022-05-12T07:25:54.975 UTC",324.46032,"2022-05-12T07:25:54.975 UTC",324.46032,
"2022-05-12T07:25:56.198 UTC",0,"2022-05-12T07:25:56.198 UTC",329.9249,"2022-05-12T07:25:56.198 UTC",329.9249,
"2022-05-12T07:25:58.836 UTC",0,"2022-05-12T07:25:58.836 UTC",327.51564,"2022-05-12T07:25:58.836 UTC",327.51564,
"2022-05-12T07:26:00.008 UTC",108.31739,"2022-05-12T07:26:00.008 UTC",0,"2022-05-12T07:26:00.008 UTC",108.31739,
"2022-05-12T07:26:01.283 UTC",356.53502,"2022-05-12T07:26:01.283 UTC",0,"2022-05-12T07:26:01.283 UTC",356.53502,
"2022-05-12T07:26:02.598 UTC",345.46134,"2022-05-12T07:26:02.598 UTC",0,"2022-05-12T07:26:02.598 UTC",345.46134,
"2022-05-12T07:26:04.494 UTC",345.5431,"2022-05-12T07:26:04.494 UTC",0,"2022-05-12T07:26:04.494 UTC",345.5431,
"2022-05-12T07:26:05.686 UTC",340.90782,"2022-05-12T07:26:05.686 UTC",0,"2022-05-12T07:26:05.686 UTC",340.90782,
"2022-05-12T07:26:06.952 UTC",336.41343,"2022-05-12T07:26:06.952 UTC",0,"2022-05-12T07:26:06.952 UTC",336.41343,
"2022-05-12T07:26:08.275 UTC",349.07154,"2022-05-12T07:26:08.275 UTC",0,"2022-05-12T07:26:08.275 UTC",349.07154,
"2022-05-12T07:26:10.231 UTC",347.36267,"2022-05-12T07:26:10.231 UTC",0,"2022-05-12T07:26:10.231 UTC",347.36267,
"2022-05-12T07:26:11.459 UTC",368.76981,"2022-05-12T07:26:11.459 UTC",0,"2022-05-12T07:26:11.459 UTC",368.76981,
"2022-05-12T07:26:12.771 UTC",368.00036,"2022-05-12T07:26:12.771 UTC",0,"2022-05-12T07:26:12.771 UTC",368.00036,
"2022-05-12T07:26:14.042 UTC",364.87761,"2022-05-12T07:26:14.042 UTC",0,"2022-05-12T07:26:14.042 UTC",364.87761,
"2022-05-12T07:26:16.181 UTC",362.03851,"2022-05-12T07:26:16.181 UTC",0,"2022-05-12T07:26:16.181 UTC",362.03851,
"2022-05-12T07:26:17.464 UTC",352.19153,"2022-05-12T07:26:17.464 UTC",0,"2022-05-12T07:26:17.464 UTC",352.19153,
